CREATE SCHEMA xxx;

USE xxx;

CREATE TABLE Khach_hang(
	Ma_KH INT NOT NULL,
    CMND INT NOT NULL,
    Ten	VARCHAR(45)	NOT NULL,
    Mail VARCHAR(45),
    PRIMARY KEY (Ma_KH)
);
CREATE TABLE Nguoi_nhan(
	Ma_KH INT NOT NULL,
    PRIMARY KEY (Ma_KH),
    FOREIGN KEY (Ma_KH) REFERENCES Khach_hang (Ma_KH) ON DELETE CASCADE ON UPDATE CASCADE
);
CREATE TABLE Nguoi_gui(
	Ma_KH INT NOT NULL,
    PRIMARY KEY (Ma_KH),
    FOREIGN KEY (Ma_KH) REFERENCES Khach_hang (Ma_KH) ON DELETE CASCADE ON UPDATE CASCADE
);
CREATE TABLE Bien_ban_nhan(
	Ma_bien_ban INT NOT NULL,
    Ngay_nhan DATE,
    So_kien_hang INT,
    Phi_noi_thanh DECIMAL(10,2),
    Phi_lien_tinh DECIMAL(10,2),
    PRIMARY KEY (Ma_bien_ban)
);
CREATE TABLE Bien_ban_gui(
	Ma_bien_ban INT NOT NULL,
    Ngay_gui DATE,
    So_kien_hang INT,
    Phi_noi_thanh DECIMAL(10,2),
    PRIMARY KEY (Ma_bien_ban)
);
CREATE TABLE Kien_hang(
	ID INT NOT NULL,
    Khoi_luong INT,
    Noi_den VARCHAR(200),
    Noi_di VARCHAR(200),
    Loai VARCHAR(45),
    Phi_lien_tinh DECIMAL(10,2),
    PRIMARY KEY (ID)
);
CREATE TABLE Nhan_vien(
	Ma_NV INT NOT NULL,
    CMND INT NOT NULL,
    Ten	VARCHAR(45)	NOT NULL,
    So_dien_thoai INT,
    PRIMARY KEY (Ma_NV, CMND)
);
CREATE TABLE Nguoi_dieu_hanh(
	Ma_NV INT NOT NULL,    
    PRIMARY KEY(Ma_NV),
    FOREIGN KEY (Ma_NV) REFERENCES Nhan_vien (Ma_NV) ON DELETE CASCADE ON UPDATE CASCADE
);
CREATE TABLE Tai_xe_noi_thanh(
	Ma_NV INT	NOT NULL,
    GPLX VARCHAR(45),
    PRIMARY KEY(Ma_NV),
    FOREIGN KEY (Ma_NV) REFERENCES Nhan_vien (Ma_NV) ON DELETE CASCADE ON UPDATE CASCADE
);
CREATE TABLE Lo_xe_noi_thanh(
	Ma_NV INT NOT NULL,    
    PRIMARY KEY(Ma_NV),
    FOREIGN KEY (Ma_NV) REFERENCES Nhan_vien (Ma_NV) ON DELETE CASCADE ON UPDATE CASCADE
);
CREATE TABLE Quan_ly_kho(
	Ma_NV INT NOT NULL,    
    PRIMARY KEY(Ma_NV),
    FOREIGN KEY (Ma_NV) REFERENCES Nhan_vien (Ma_NV) ON DELETE CASCADE ON UPDATE CASCADE
);
CREATE TABLE Lo_xe_lien_tinh(
	Ma_NV INT NOT NULL,    
    PRIMARY KEY(Ma_NV),
    FOREIGN KEY (Ma_NV) REFERENCES Nhan_vien (Ma_NV) ON DELETE CASCADE ON UPDATE CASCADE
);
CREATE TABLE Tai_xe_lien_tinh(
	Ma_NV INT NOT NULL,
    GPLX VARCHAR(45),
    PRIMARY KEY(Ma_NV),
    FOREIGN KEY (Ma_NV) REFERENCES Nhan_vien (Ma_NV) ON DELETE CASCADE ON UPDATE CASCADE
);
CREATE TABLE Cuoc_xe_noi_thanh(
	Ma_chuyen INT NOT NULL,
    Trong_luong_hien_tai INT,
    PRIMARY KEY(Ma_chuyen)   
);
CREATE TABLE Xe_noi_thanh(
	Ma_xe INT NOT NULL,
    Bien_so_xe VARCHAR(45),
    Trong_luong_hien_tai INT,
    PRIMARY KEY(Ma_xe, Bien_so_xe) 
);
CREATE TABLE Kho(
	Ma_kho INT NOT NULL,
	Dien_tich INT,
    Dia_chi VARCHAR(200),
    PRIMARY KEY(Ma_kho)   
);
CREATE TABLE Bien_ban_xuat_nhap(
	ID INT NOT NULL,
    Ngay_xuat_bien_ban DATE,
    Tinh_trang VARCHAR(45),
    PRIMARY KEY(ID)   
);
CREATE TABLE Chuyen_xe_lien_tinh(
	Ma_chuyen INT NOT NULL,
    So_kien_hang INT,
    Quang_duong INT,
    PRIMARY KEY(Ma_chuyen)   
);
CREATE TABLE Xe_lien_tinh(
	Ma_xe INT NOT NULL,
    Bien_so_xe VARCHAR(45),
    Trong_tai INT,
    PRIMARY KEY(Ma_xe, Bien_so_xe)  
);
CREATE TABLE Tinh(
	Ma_tinh INT NOT NULL,
    Ten_tinh VARCHAR(45),
    PRIMARY KEY(Ma_tinh)  
);
CREATE TABLE Yeu_cau(
	Ma_KH INT NOT NULL,
    Ma_so INT unique,
    Trang_thai VARCHAR(45),
    PRIMARY KEY(Ma_KH, Ma_so),
    FOREIGN KEY (Ma_KH) REFERENCES Nguoi_gui (Ma_KH) ON DELETE CASCADE ON UPDATE CASCADE 
);
CREATE TABLE Uoc_luong(
	Ma_KH INT NOT NULL,
    Ma_so INT NOT NULL,
    Number INT,
    Loai_hang VARCHAR(255),
    Khoi_luong INT,
    So_luong INT,
    PRIMARY KEY(Ma_KH, Ma_so, Number),
    FOREIGN KEY (Ma_KH, Ma_so) REFERENCES Yeu_cau (Ma_KH, Ma_so) ON DELETE CASCADE ON UPDATE CASCADE 
);

-- //////////////////////////////////////////////////////////


ALTER TABLE bien_ban_nhan ADD (ma_kh_nhan INT NOT NULL);	
ALTER TABLE bien_ban_nhan ADD FOREIGN KEY (ma_kh_nhan) REFERENCES nguoi_nhan(ma_kh) ON DELETE CASCADE ON UPDATE CASCADE;

ALTER TABLE bien_ban_gui ADD (ma_kh_gui INT NOT NULL);	
ALTER TABLE bien_ban_gui ADD FOREIGN KEY (ma_kh_gui) REFERENCES nguoi_gui(ma_kh) ON DELETE CASCADE ON UPDATE CASCADE;

ALTER TABLE kien_hang ADD (ma_bien_ban_nhan INT NOT NULL, ma_bien_ban_gui INT NOT NULL);	
ALTER TABLE kien_hang ADD FOREIGN KEY (ma_bien_ban_nhan) REFERENCES bien_ban_nhan(ma_bien_ban) ON DELETE CASCADE ON UPDATE CASCADE;
ALTER TABLE kien_hang ADD FOREIGN KEY (ma_bien_ban_gui) REFERENCES bien_ban_gui(ma_bien_ban) ON DELETE CASCADE ON UPDATE CASCADE;

CREATE TABLE cho (
	ID_kien_hang INT,
	Ma_chuyen INT,
    PRIMARY KEY(ID_kien_hang, Ma_chuyen),
    FOREIGN KEY (ID_kien_hang) REFERENCES kien_hang(ID) ON DELETE CASCADE ON UPDATE CASCADE, 
    FOREIGN KEY (Ma_chuyen) REFERENCES chuyen_xe_lien_tinh(ma_chuyen) ON DELETE CASCADE ON UPDATE CASCADE
);

ALTER TABLE Yeu_cau ADD (Ma_tx_noi_thanh INT NOT NULL, Ma_chuyen INT NOT NULL, Ma_bien_ban_gui INT NOT NULL);	
ALTER TABLE Yeu_cau ADD FOREIGN KEY (Ma_tx_noi_thanh) REFERENCES Tai_xe_noi_thanh(ma_nv) ON DELETE CASCADE ON UPDATE CASCADE;
ALTER TABLE Yeu_cau ADD FOREIGN KEY (Ma_chuyen) REFERENCES cuoc_xe_noi_thanh(ma_chuyen) ON DELETE CASCADE ON UPDATE CASCADE;
ALTER TABLE Yeu_cau ADD FOREIGN KEY (Ma_bien_ban_gui) REFERENCES bien_ban_gui(ma_bien_ban) ON DELETE CASCADE ON UPDATE CASCADE;

ALTER TABLE kho ADD (ma_tinh INT NOT NULL, ma_nv_quan_ly_kho INT NOT NULL);	
ALTER TABLE kho ADD FOREIGN KEY (ma_tinh) REFERENCES tinh(ma_tinh) ON DELETE CASCADE ON UPDATE CASCADE;
ALTER TABLE kho ADD FOREIGN KEY (ma_nv_quan_ly_kho) REFERENCES quan_ly_kho(ma_nv) ON DELETE CASCADE ON UPDATE CASCADE;

ALTER TABLE bien_ban_xuat_nhap ADD (ma_nv_quan_ly_kho INT NOT NULL, ma_kho INT NOT NULL);	
ALTER TABLE bien_ban_xuat_nhap ADD FOREIGN KEY (ma_kho) REFERENCES kho(ma_kho) ON DELETE CASCADE ON UPDATE CASCADE;
ALTER TABLE bien_ban_xuat_nhap ADD FOREIGN KEY (ma_nv_quan_ly_kho) REFERENCES quan_ly_kho(ma_nv) ON DELETE CASCADE ON UPDATE CASCADE;

CREATE TABLE Dieu_hanh (
	Ma_nv_nguoi_dieu_hanh INT,
    Ma_nv_tai_xe_noi_thanh INT,
    PRIMARY KEY (Ma_nv_nguoi_dieu_hanh, Ma_nv_tai_xe_noi_thanh),
    FOREIGN KEY (Ma_nv_nguoi_dieu_hanh) REFERENCES nguoi_dieu_hanh(ma_nv) ON DELETE CASCADE ON UPDATE CASCADE, 
    FOREIGN KEY (Ma_nv_tai_xe_noi_thanh) REFERENCES tai_xe_noi_thanh(ma_nv) ON DELETE CASCADE ON UPDATE CASCADE
);

ALTER TABLE cuoc_xe_noi_thanh ADD (ma_nv_tai_xe_noi_thanh INT NOT NULL, ma_nv_lo_xe_noi_thanh INT NOT NULL, ma_kho INT NOT NULL, ma_xe_noi_thanh INT NOT NULL);	
ALTER TABLE cuoc_xe_noi_thanh ADD FOREIGN KEY (ma_nv_tai_xe_noi_thanh) REFERENCES Tai_xe_noi_thanh(ma_nv) ON DELETE CASCADE ON UPDATE CASCADE;
ALTER TABLE cuoc_xe_noi_thanh ADD FOREIGN KEY (ma_nv_lo_xe_noi_thanh) REFERENCES lo_xe_noi_thanh(ma_nv) ON DELETE CASCADE ON UPDATE CASCADE;
ALTER TABLE cuoc_xe_noi_thanh ADD FOREIGN KEY (ma_kho) REFERENCES kho(ma_kho) ON DELETE CASCADE ON UPDATE CASCADE;
ALTER TABLE cuoc_xe_noi_thanh ADD FOREIGN KEY (ma_xe_noi_thanh) REFERENCES xe_noi_thanh(ma_xe) ON DELETE CASCADE ON UPDATE CASCADE;

CREATE TABLE Dieu_phoi (
	Ma_nv_nguoi_dieu_hanh INT,
    Ma_so_yeu_cau INT,
    PRIMARY KEY (Ma_so_yeu_cau, Ma_nv_nguoi_dieu_hanh),
    FOREIGN KEY (Ma_nv_nguoi_dieu_hanh) REFERENCES nguoi_dieu_hanh(ma_nv) ON DELETE CASCADE ON UPDATE CASCADE, 
    FOREIGN KEY (Ma_so_yeu_cau) REFERENCES yeu_cau(Ma_so) ON DELETE CASCADE ON UPDATE CASCADE
);

ALTER TABLE chuyen_xe_lien_tinh ADD (ma_nv_lo_xe_lien_tinh INT NOT NULL, ma_nv_tai_xe_lien_tinh INT NOT NULL, ma_xe_lien_tinh INT NOT NULL, ID_bien_ban_nhap_xuat INT NOT NULL);	
ALTER TABLE chuyen_xe_lien_tinh ADD FOREIGN KEY (ma_nv_lo_xe_lien_tinh) REFERENCES lo_xe_lien_tinh(ma_nv) ON DELETE CASCADE ON UPDATE CASCADE;
ALTER TABLE chuyen_xe_lien_tinh ADD FOREIGN KEY (ma_nv_tai_xe_lien_tinh) REFERENCES tai_xe_lien_tinh(ma_nv) ON DELETE CASCADE ON UPDATE CASCADE;
ALTER TABLE chuyen_xe_lien_tinh ADD FOREIGN KEY (ma_xe_lien_tinh) REFERENCES xe_lien_tinh(ma_xe) ON DELETE CASCADE ON UPDATE CASCADE;
ALTER TABLE chuyen_xe_lien_tinh ADD FOREIGN KEY (ID_bien_ban_nhap_xuat) REFERENCES bien_ban_xuat_nhap(ID) ON DELETE CASCADE ON UPDATE CASCADE;

CREATE TABLE dia_chi (
	Ma_kh INT,
    dia_chi VARCHAR(255),
    PRIMARY KEY (Ma_kh,dia_chi),
    FOREIGN KEY (Ma_kh) REFERENCES khach_hang(Ma_kh) ON DELETE CASCADE ON UPDATE CASCADE
);

CREATE TABLE so_dien_thoai (
	Ma_kh INT,
    so_dien_thoai VARCHAR(25),
    PRIMARY KEY (Ma_kh, so_dien_thoai),
    FOREIGN KEY (Ma_kh) REFERENCES khach_hang(Ma_kh) ON DELETE CASCADE ON UPDATE CASCADE
);

INSERT INTO khach_hang VALUE (1,216105165,"Harry S Joyce","clifton2015@gmail.com");
INSERT INTO khach_hang VALUE (2,321350135,"Peter A Jacobson","geovany.gerla@gmail.com");
INSERT INTO khach_hang VALUE (3,115481584,"Glenn C Reeves","tony.greenho@gmail.com");
INSERT INTO khach_hang VALUE (4,211354303,"Mary M Kennedy","ollie1973@gmail.com");
INSERT INTO khach_hang VALUE (5,587752351,"Kenneth A Mendez","alvera_padbe@gmail.com");
INSERT INTO khach_hang VALUE (6,546786132,"Deborah J Paul","newell.low8@gmail.com");


INSERT INTO so_dien_thoai VALUE (1,7064049336);
INSERT INTO so_dien_thoai VALUE (1,7625832514);
INSERT INTO so_dien_thoai VALUE (2,9525569734);
INSERT INTO so_dien_thoai VALUE (2,6512101985);
INSERT INTO so_dien_thoai VALUE (3,3025951884);
INSERT INTO so_dien_thoai VALUE (4,3026903693);
INSERT INTO so_dien_thoai VALUE (5,3105980521);
INSERT INTO so_dien_thoai VALUE (5,4247047254);
INSERT INTO so_dien_thoai VALUE (6,8705321913);
INSERT INTO so_dien_thoai VALUE (6,8708248917);


INSERT INTO dia_chi VALUE (1,"1378 Davis Street Columbus Georgia(GA)");
INSERT INTO dia_chi VALUE (1,"2433 FKV Street New york USA");
INSERT INTO dia_chi VALUE (2,"2830 Barrington Court Arkansas");
INSERT INTO dia_chi VALUE (3,"3306 Brown Bear Drive California");
INSERT INTO dia_chi VALUE (4,"2835 Collins Street Florida");
INSERT INTO dia_chi VALUE (5,"128 Lakewood Drive New Jersey");
INSERT INTO dia_chi VALUE (5,"3659 Crummit Lane Nebraska");
INSERT INTO dia_chi VALUE (6,"528 Tetrick Road Florida");
INSERT INTO dia_chi VALUE (6,"4876 Rosemont Avenue Florida");


INSERT INTO nguoi_gui VALUE (1);
INSERT INTO nguoi_gui VALUE (2);
INSERT INTO nguoi_gui VALUE (3);
INSERT INTO nguoi_gui VALUE (4);
INSERT INTO nguoi_gui VALUE (5);
INSERT INTO nguoi_gui VALUE (6);


INSERT INTO nguoi_nhan VALUE (1);
INSERT INTO nguoi_nhan VALUE (2);
INSERT INTO nguoi_nhan VALUE (3);
INSERT INTO nguoi_nhan VALUE (4);
INSERT INTO nguoi_nhan VALUE (5);
INSERT INTO nguoi_nhan VALUE (6);


INSERT INTO bien_ban_gui VALUE (100,"2015-3-14",2,3,1);
INSERT INTO bien_ban_gui VALUE (101,'2016-2-14',1,0,2);
INSERT INTO bien_ban_gui VALUE (102,'2016-3-17',1,5,1);
INSERT INTO bien_ban_gui VALUE (103,'2016-7-1',3,8,3);
INSERT INTO bien_ban_gui VALUE (104,'2016-11-15',2,0,4);
INSERT INTO bien_ban_gui VALUE (105,'2017-1-13',1,0,3);
INSERT INTO bien_ban_gui VALUE (106,'2017-3-20',4,10,1);


INSERT INTO bien_ban_nhan VALUE (100,'2018-1-23',2,3,20,1);
INSERT INTO bien_ban_nhan VALUE (101,'2018-1-25',1,0,15,2);
INSERT INTO bien_ban_nhan VALUE (102,'2018-2-5',2,6,30,1);
INSERT INTO bien_ban_nhan VALUE (103,'2018-3-14',2,8,20,3);
INSERT INTO bien_ban_nhan VALUE (104,'2018-6-8',1,0,40,1);
INSERT INTO bien_ban_nhan VALUE (105,'2018-8-16',2,5,24,1);


